name,iterations,real_time,cpu_time,time_unit,bytes_per_second,items_per_second,label,error_occurred,error_message
"BM_CUDA_KdTreeFLANN_Build_Tree/100000/8/iterations:10",10,23.0,22.9,ms,,,,,
"BM_CUDA_KdTreeFLANN_Build_Tree/1000000/8/iterations:10",10,185,185,ms,,,,,
"BM_CUDA_KdTreeFLANN_Build_Tree/10000000/8/iterations:10",10,2159,2147,ms,,,,,
"BM_CUDA_KdTreeFLANN_Build_Tree/100000/16/iterations:10",10,15.9,15.9,ms,,,,,
"BM_CUDA_KdTreeFLANN_Build_Tree/1000000/16/iterations:10",10,165,165,ms,,,,,
"BM_CUDA_KdTreeFLANN_Build_Tree/10000000/16/iterations:10",10,1929,1928,ms,,,,,
"BM_CUDA_KdTreeFLANN_Build_Tree/100000/32/iterations:10",10,14.6,14.5,ms,,,,,
"BM_CUDA_KdTreeFLANN_Build_Tree/1000000/32/iterations:10",10,156,156,ms,,,,,
"BM_CUDA_KdTreeFLANN_Build_Tree/10000000/32/iterations:10",10,1789,1788,ms,,,,,
"BM_CUDA_KdTreeFLANN_Build_Tree/100000/64/iterations:10",10,13.9,13.9,ms,,,,,
"BM_CUDA_KdTreeFLANN_Build_Tree/1000000/64/iterations:10",10,146,145,ms,,,,,
"BM_CUDA_KdTreeFLANN_Build_Tree/10000000/64/iterations:10",10,1719,1718,ms,,,,,
"BM_CUDA_KdTreeFLANN_Build_Tree/100000/128/iterations:10",10,13.3,13.3,ms,,,,,
"BM_CUDA_KdTreeFLANN_Build_Tree/1000000/128/iterations:10",10,140,140,ms,,,,,
"BM_CUDA_KdTreeFLANN_Build_Tree/10000000/128/iterations:10",10,1636,1635,ms,,,,,
"BM_CUDA_KdTreeFLANN_Build_Tree/100000/256/iterations:10",10,12.6,12.6,ms,,,,,
"BM_CUDA_KdTreeFLANN_Build_Tree/1000000/256/iterations:10",10,135,135,ms,,,,,
"BM_CUDA_KdTreeFLANN_Build_Tree/10000000/256/iterations:10",10,1586,1585,ms,,,,,
"BM_CUDA_KdTreeFLANN_Build_Tree/100000/512/iterations:10",10,11.9,11.9,ms,,,,,
"BM_CUDA_KdTreeFLANN_Build_Tree/1000000/512/iterations:10",10,129,129,ms,,,,,
"BM_CUDA_KdTreeFLANN_Build_Tree/10000000/512/iterations:10",10,1531,1530,ms,,,,,
"BM_CUDA_KdTreeFLANN_Build_Tree/100000/1024/iterations:10",10,11.5,11.4,ms,,,,,
"BM_CUDA_KdTreeFLANN_Build_Tree/1000000/1024/iterations:10",10,124,124,ms,,,,,
"BM_CUDA_KdTreeFLANN_Build_Tree/10000000/1024/iterations:10",10,1476,1475,ms,,,,,
